<?xml version="1.0" encoding="UTF-8" standalone="no"?>
<servico xmlns="http://servicos.gov.br/v3/schema" xmlns:xsi="http://www.w3.org/2001/XMLSchema-instance" xsi:schemaLocation="http://servicos.gov.br/v3/schema ../servico.xsd">
    <nome>Carlos Teste 333</nome>
    <sigla>CT</sigla>
    <nomes-populares>
        <item>TesteCT</item>
    </nomes-populares>
    <descricao><![CDATA[teste 3 teste 4]]></descricao>
    <contato/>
    <gratuito>false</gratuito>
    <solicitantes>
        <solicitante>
            <tipo>Idosos</tipo>
            <requisitos><![CDATA[maiores de 65 anos]]></requisitos>
        </solicitante>
    </solicitantes>
    <tempo-total-estimado>
        <ate max="1" unidade="minutos"/>
        <descricao><![CDATA[teste]]></descricao>
    </tempo-total-estimado>
    <etapas>
        <etapa>
            <titulo>teste</titulo>
            <descricao/>
            <documentos>
                <default/>
            </documentos>
            <custos>
                <default>
                    <custo>
                        <descricao/>
                        <moeda/>
                        <valor>20,00</valor>
                    </custo>
                </default>
            </custos>
            <canais-de-prestacao>
                <default>
                    <canal-de-prestacao tipo="presencial">
                        <descricao><![CDATA[teste]]></descricao>
                    </canal-de-prestacao>
                </default>
            </canais-de-prestacao>
        </etapa>
    </etapas>
    <orgao id="http://estruturaorganizacional.dados.gov.br/id/unidade-organizacional/54793"/>
    <segmentos-da-sociedade>
        <item>Cidadãos</item>
    </segmentos-da-sociedade>
    <areas-de-interesse>
        <item>Administração</item>
        <item>Saúde</item>
        <item>Agropecuária</item>
        <item>Cultura</item>
    </areas-de-interesse>
    <palavras-chave>
        <item>Teste</item>
        <item>Teste2</item>
        <item>Teste3</item>
    </palavras-chave>
    <legislacoes>
        <item><![CDATA[teste]]></item>
    </legislacoes>
</servico>
