<?xml version="1.0" encoding="UTF-8" standalone="no"?>
<servico xmlns="http://servicos.gov.br/v3/schema" xmlns:xsi="http://www.w3.org/2001/XMLSchema-instance" xsi:schemaLocation="http://servicos.gov.br/v3/schema ../servico.xsd">
    <nome>TeSte2</nome>
    <sigla>TST2</sigla>
    <nomes-populares/>
    <descricao>Descrição</descricao>
    <gratuito>false</gratuito>
    <solicitantes>
        <solicitante>
            <tipo>Solicitante Teste</tipo>
            <requisitos/>
        </solicitante>
    </solicitantes>
    <tempo-total-estimado>
        <ate max="6" unidade="meses"/>
        <descricao/>
    </tempo-total-estimado>
    <etapas>
        <etapa>
            <titulo>ETAPA 1</titulo>
            <descricao/>
            <documentos>
                <default/>
            </documentos>
            <custos>
                <default>
                    <custo>
                        <descricao>Custo</descricao>
                        <moeda/>
                        <valor>10</valor>
                    </custo>
                </default>
            </custos>
            <canais-de-prestacao>
                <default>
                    <canal-de-prestacao tipo="fax">
                        <descricao>51 910 234 34</descricao>
                    </canal-de-prestacao>
                </default>
            </canais-de-prestacao>
        </etapa>
    </etapas>
    <orgao id="http://estruturaorganizacional.dados.gov.br/id/unidade-organizacional/80675"></orgao>
    <segmentos-da-sociedade>
        <item>Cidadãos</item>
    </segmentos-da-sociedade>
    <areas-de-interesse>
        <item>Abastecimento</item>
    </areas-de-interesse>
    <palavras-chave>
        <item>Palavra 1</item>
        <item>Palavra 2</item>
        <item>Palavra 3</item>
    </palavras-chave>
    <legislacoes>
        <item>Le</item>
    </legislacoes>
</servico>
