<?xml version="1.0" encoding="UTF-8" standalone="no"?>
<servico xmlns="http://servicos.gov.br/v3/schema" xmlns:xsi="http://www.w3.org/2001/XMLSchema-instance" xsi:schemaLocation="http://servicos.gov.br/v3/schema ../servico.xsd">
    <nome><![CDATA[teste de ponte]]></nome>
    <sigla/>
    <nomes-populares/>
    <descricao><![CDATA[teste da ponte 127.0.0.1:8100]]></descricao>
    <contato/>
    <gratuito>true</gratuito>
    <solicitantes>
        <solicitante>
            <tipo>teste</tipo>
            <requisitos/>
        </solicitante>
    </solicitantes>
    <tempo-total-estimado>
        <ate max="2" unidade="horas"/>
        <descricao/>
    </tempo-total-estimado>
    <etapas>
        <etapa>
            <titulo>bla</titulo>
            <descricao/>
            <documentos>
                <default/>
            </documentos>
            <custos>
                <default/>
            </custos>
            <canais-de-prestacao>
                <default>
                    <canal-de-prestacao tipo="web-preencher">
                        <descricao><![CDATA[http://127.0.0.1:8100]]></descricao>
                    </canal-de-prestacao>
                </default>
            </canais-de-prestacao>
        </etapa>
    </etapas>
    <orgao id="http://estruturaorganizacional.dados.gov.br/id/unidade-organizacional/113010"/>
    <segmentos-da-sociedade>
        <item>Cidadãos</item>
    </segmentos-da-sociedade>
    <areas-de-interesse>
        <item>Abastecimento</item>
    </areas-de-interesse>
    <palavras-chave>
        <item>ponte</item>
        <item>teste</item>
        <item>formulario</item>
    </palavras-chave>
    <legislacoes>
        <item><![CDATA[asdfasdf]]></item>
    </legislacoes>
</servico>
