<?xml version="1.0" encoding="UTF-8" standalone="no"?>
<servico xmlns="http://servicos.gov.br/v3/schema" xmlns:xsi="http://www.w3.org/2001/XMLSchema-instance" xsi:schemaLocation="http://servicos.gov.br/v3/schema ../servico.xsd">
    <nome>Teste</nome>
    <sigla>abcdefg</sigla>
    <nomes-populares>
        <item>test</item>
    </nomes-populares>
    <descricao><![CDATA[Breve texto explicativo!!!]]></descricao>
    <contato><![CDATA[Teste de **contato**!

* contato1
* contato2]]></contato>
    <gratuito>true</gratuito>
    <solicitantes>
        <solicitante>
            <tipo>Eu</tipo>
            <requisitos><![CDATA[ser maior de 18 anos]]></requisitos>
        </solicitante>
    </solicitantes>
    <tempo-total-estimado>
        <ate max="1" unidade="horas"/>
        <descricao><![CDATA[comentário sobre tempo estimado comentário sobre tempo estimado comentário sobre tempo estimado comentário sobre tempo estimado]]></descricao>
    </tempo-total-estimado>
    <etapas>
        <etapa>
            <titulo>Primeira etapa</titulo>
            <descricao><![CDATA[desc da etapa um]]></descricao>
            <documentos>
                <default>
                    <item>RG</item>
                    <item>CPF</item>
                </default>
            </documentos>
            <custos>
                <default/>
            </custos>
            <canais-de-prestacao>
                <default>
                    <canal-de-prestacao tipo="e-mail">
                        <descricao><![CDATA[teste@teste.com]]></descricao>
                    </canal-de-prestacao>
                </default>
            </canais-de-prestacao>
        </etapa>
    </etapas>
    <orgao id="http://estruturaorganizacional.dados.gov.br/id/unidade-organizacional/54793"/>
    <segmentos-da-sociedade>
        <item>Cidadãos</item>
    </segmentos-da-sociedade>
    <areas-de-interesse>
        <item>Água</item>
    </areas-de-interesse>
    <palavras-chave>
        <item>ola 1</item>
        <item>ola 2</item>
        <item>ola 3</item>
    </palavras-chave>
    <legislacoes>
        <item><![CDATA[lei 1]]></item>
    </legislacoes>
</servico>
