<?xml version="1.0" encoding="UTF-8" standalone="no"?>
<servico xmlns="http://servicos.gov.br/v3/schema" xmlns:xsi="http://www.w3.org/2001/XMLSchema-instance" xsi:schemaLocation="http://servicos.gov.br/v3/schema ../servico.xsd">
    <nome>teste fabricio</nome>
    <sigla/>
    <nomes-populares/>
    <descricao>asdfaasdf</descricao>
    <contato/>
    <gratuito>true</gratuito>
    <solicitantes>
        <solicitante>
            <tipo>asdfas</tipo>
            <requisitos/>
        </solicitante>
    </solicitantes>
    <tempo-total-estimado>
        <ate max="4" unidade="horas"/>
        <descricao/>
    </tempo-total-estimado>
    <etapas>
        <etapa>
            <titulo>adfas</titulo>
            <descricao/>
            <documentos>
                <default/>
            </documentos>
            <custos>
                <default/>
            </custos>
            <canais-de-prestacao>
                <default>
                    <canal-de-prestacao tipo="telefone">
                        <descricao>54654654</descricao>
                    </canal-de-prestacao>
                </default>
            </canais-de-prestacao>
        </etapa>
    </etapas>
    <orgao id="http://estruturaorganizacional.dados.gov.br/id/unidade-organizacional/25281"/>
    <segmentos-da-sociedade>
        <item>Cidadãos</item>
    </segmentos-da-sociedade>
    <areas-de-interesse>
        <item>Abastecimento</item>
    </areas-de-interesse>
    <palavras-chave>
        <item>zxcv</item>
        <item>zxcvzx</item>
        <item>zxcvz</item>
    </palavras-chave>
    <legislacoes>
        <item>zxcvzxcv</item>
    </legislacoes>
</servico>
